-- MySQL dump 10.13  Distrib 5.1.73, for redhat-linux-gnu (i386)
--
-- Host: localhost    Database: danball
-- ------------------------------------------------------
-- Server version	5.1.73

/*!40101 SET @OLD_CHARACTER_SET_CLIENT=@@CHARACTER_SET_CLIENT */;
/*!40101 SET @OLD_CHARACTER_SET_RESULTS=@@CHARACTER_SET_RESULTS */;
/*!40101 SET @OLD_COLLATION_CONNECTION=@@COLLATION_CONNECTION */;
/*!40101 SET NAMES utf8 */;
/*!40103 SET @OLD_TIME_ZONE=@@TIME_ZONE */;
/*!40103 SET TIME_ZONE='+00:00' */;
/*!40014 SET @OLD_UNIQUE_CHECKS=@@UNIQUE_CHECKS, UNIQUE_CHECKS=0 */;
/*!40014 SET @OLD_FOREIGN_KEY_CHECKS=@@FOREIGN_KEY_CHECKS, FOREIGN_KEY_CHECKS=0 */;
/*!40101 SET @OLD_SQL_MODE=@@SQL_MODE, SQL_MODE='NO_AUTO_VALUE_ON_ZERO' */;
/*!40111 SET @OLD_SQL_NOTES=@@SQL_NOTES, SQL_NOTES=0 */;

--
-- Table structure for table `mst_prifecture`
--

DROP TABLE IF EXISTS `mst_prifecture`;
/*!40101 SET @saved_cs_client     = @@character_set_client */;
/*!40101 SET character_set_client = utf8 */;
CREATE TABLE `mst_prifecture` (
  `prifecture_id` bigint(20) NOT NULL AUTO_INCREMENT COMMENT '都道府県ID',
  `prefecture_value` bigint(20) DEFAULT NULL,
  `prefecture_name` varchar(128) DEFAULT NULL COMMENT '都道府県表示名',
  `view_position` bigint(20) DEFAULT NULL COMMENT '表示位置',
  `create_at` datetime DEFAULT NULL COMMENT '作成日時',
  `update_at` datetime DEFAULT NULL COMMENT '更新日時',
  PRIMARY KEY (`prifecture_id`),
  UNIQUE KEY `prifecture_id` (`prifecture_id`)
) ENGINE=MyISAM AUTO_INCREMENT=48 DEFAULT CHARSET=utf8 COMMENT='プルダウンメニュー等で表示する都道府県一覧を管理するテーブル';
/*!40101 SET character_set_client = @saved_cs_client */;

--
-- Dumping data for table `mst_prifecture`
--

LOCK TABLES `mst_prifecture` WRITE;
/*!40000 ALTER TABLE `mst_prifecture` DISABLE KEYS */;
INSERT INTO `mst_prifecture` VALUES (1,1,'北海道 ',1,'0000-00-00 00:00:00','0000-00-00 00:00:00'),(2,2,'青森県 ',2,'0000-00-00 00:00:00','0000-00-00 00:00:00'),(3,3,'岩手県 ',3,'0000-00-00 00:00:00','0000-00-00 00:00:00'),(4,4,'秋田県 ',4,'0000-00-00 00:00:00','0000-00-00 00:00:00'),(5,5,'宮城県',5,'0000-00-00 00:00:00','0000-00-00 00:00:00'),(6,6,'山形県',6,'0000-00-00 00:00:00','0000-00-00 00:00:00'),(7,7,'福島県',7,'0000-00-00 00:00:00','0000-00-00 00:00:00'),(8,8,'茨城県',8,'0000-00-00 00:00:00','0000-00-00 00:00:00'),(9,9,'栃木県',9,'0000-00-00 00:00:00','0000-00-00 00:00:00'),(10,10,'群馬県',10,'0000-00-00 00:00:00','0000-00-00 00:00:00'),(11,11,'山梨県',11,'0000-00-00 00:00:00','0000-00-00 00:00:00'),(12,12,'東京都',12,'0000-00-00 00:00:00','0000-00-00 00:00:00'),(13,13,'神奈川県',13,'0000-00-00 00:00:00','0000-00-00 00:00:00'),(14,14,'埼玉県',14,'0000-00-00 00:00:00','0000-00-00 00:00:00'),(15,15,'千葉県',15,'0000-00-00 00:00:00','0000-00-00 00:00:00'),(16,16,'新潟県',16,'0000-00-00 00:00:00','0000-00-00 00:00:00'),(17,17,'長野県',17,'0000-00-00 00:00:00','0000-00-00 00:00:00'),(18,18,'富山県',18,'0000-00-00 00:00:00','0000-00-00 00:00:00'),(19,19,'石川県',19,'0000-00-00 00:00:00','0000-00-00 00:00:00'),(20,20,'福井県',20,'0000-00-00 00:00:00','0000-00-00 00:00:00'),(21,21,'静岡県',21,'0000-00-00 00:00:00','0000-00-00 00:00:00'),(22,22,'岐阜県',22,'0000-00-00 00:00:00','0000-00-00 00:00:00'),(23,23,'三重県',23,'0000-00-00 00:00:00','0000-00-00 00:00:00'),(24,24,'愛知県',24,'0000-00-00 00:00:00','0000-00-00 00:00:00'),(25,25,'大阪府',25,'0000-00-00 00:00:00','0000-00-00 00:00:00'),(26,26,'兵庫県',26,'0000-00-00 00:00:00','0000-00-00 00:00:00'),(27,27,'京都府',27,'0000-00-00 00:00:00','0000-00-00 00:00:00'),(28,28,'滋賀県',28,'0000-00-00 00:00:00','0000-00-00 00:00:00'),(29,29,'奈良県',29,'0000-00-00 00:00:00','0000-00-00 00:00:00'),(30,30,'和歌山県',30,'0000-00-00 00:00:00','0000-00-00 00:00:00'),(31,31,'鳥取県',31,'0000-00-00 00:00:00','0000-00-00 00:00:00'),(32,32,'島根県',32,'0000-00-00 00:00:00','0000-00-00 00:00:00'),(33,33,'岡山県',33,'0000-00-00 00:00:00','0000-00-00 00:00:00'),(34,34,'広島県',34,'0000-00-00 00:00:00','0000-00-00 00:00:00'),(35,35,'山口県',35,'0000-00-00 00:00:00','0000-00-00 00:00:00'),(36,36,'愛媛県',36,'0000-00-00 00:00:00','0000-00-00 00:00:00'),(37,37,'高知県',37,'0000-00-00 00:00:00','0000-00-00 00:00:00'),(38,38,'徳島県',38,'0000-00-00 00:00:00','0000-00-00 00:00:00'),(39,39,'香川県',39,'0000-00-00 00:00:00','0000-00-00 00:00:00'),(40,40,'福岡県',40,'0000-00-00 00:00:00','0000-00-00 00:00:00'),(41,41,'佐賀県',41,'0000-00-00 00:00:00','0000-00-00 00:00:00'),(42,42,'長崎県',42,'0000-00-00 00:00:00','0000-00-00 00:00:00'),(43,43,'熊本県',43,'0000-00-00 00:00:00','0000-00-00 00:00:00'),(44,44,'大分県',44,'0000-00-00 00:00:00','0000-00-00 00:00:00'),(45,45,'鹿児島県',45,'0000-00-00 00:00:00','0000-00-00 00:00:00'),(46,46,'沖縄県-沖縄本島',46,'0000-00-00 00:00:00','0000-00-00 00:00:00'),(47,47,'沖縄県-島嶼部',47,'0000-00-00 00:00:00','0000-00-00 00:00:00');
/*!40000 ALTER TABLE `mst_prifecture` ENABLE KEYS */;
UNLOCK TABLES;

--
-- Table structure for table `mst_seat_assort`
--

DROP TABLE IF EXISTS `mst_seat_assort`;
/*!40101 SET @saved_cs_client     = @@character_set_client */;
/*!40101 SET character_set_client = utf8 */;
CREATE TABLE `mst_seat_assort` (
  `seat_assort_id` bigint(20) unsigned NOT NULL AUTO_INCREMENT COMMENT '紙質ID',
  `seat_assort_name` varchar(128) DEFAULT NULL COMMENT '紙質\r\nC5\r\nK5',
  `create_at` datetime DEFAULT NULL COMMENT '作成日時',
  `update_at` datetime DEFAULT NULL COMMENT '更新日時',
  `deleted_at` datetime DEFAULT NULL COMMENT '論理削除実施時打刻',
  PRIMARY KEY (`seat_assort_id`),
  UNIQUE KEY `seat_assort_id` (`seat_assort_id`)
) ENGINE=MyISAM AUTO_INCREMENT=3 DEFAULT CHARSET=utf8 COMMENT='シート(紙質)種別を管理するテーブル\r\nC5\r\nK5\r\n他';
/*!40101 SET character_set_client = @saved_cs_client */;

--
-- Dumping data for table `mst_seat_assort`
--

LOCK TABLES `mst_seat_assort` WRITE;
/*!40000 ALTER TABLE `mst_seat_assort` DISABLE KEYS */;
INSERT INTO `mst_seat_assort` VALUES (1,'C5','2014-10-27 00:00:00','2014-10-27 00:00:00',NULL),(2,'K5','2014-10-27 00:00:00','2014-10-27 00:00:00',NULL);
/*!40000 ALTER TABLE `mst_seat_assort` ENABLE KEYS */;
UNLOCK TABLES;

--
-- Table structure for table `mst_shipping_base_fee`
--

DROP TABLE IF EXISTS `mst_shipping_base_fee`;
/*!40101 SET @saved_cs_client     = @@character_set_client */;
/*!40101 SET character_set_client = utf8 */;
CREATE TABLE `mst_shipping_base_fee` (
  `sipping_base_fee_id` bigint(20) unsigned NOT NULL AUTO_INCREMENT COMMENT '基本送料ID',
  `prifecture_id` bigint(20) DEFAULT NULL COMMENT '都道府県ID',
  `shipping_base_fee_value` bigint(20) unsigned DEFAULT NULL COMMENT '基本送料金額',
  `create_at` datetime DEFAULT NULL COMMENT '作成日時',
  `update_at` datetime DEFAULT NULL COMMENT '更新日時',
  `deleted_at` datetime DEFAULT NULL COMMENT '論理削除実施時打刻',
  PRIMARY KEY (`sipping_base_fee_id`),
  UNIQUE KEY `sipping_base_fee_id` (`sipping_base_fee_id`),
  KEY `prifecture_id` (`prifecture_id`)
) ENGINE=MyISAM AUTO_INCREMENT=48 DEFAULT CHARSET=utf8 COMMENT='都道府県毎の基本送料を管理するテーブル';
/*!40101 SET character_set_client = @saved_cs_client */;

--
-- Dumping data for table `mst_shipping_base_fee`
--

LOCK TABLES `mst_shipping_base_fee` WRITE;
/*!40000 ALTER TABLE `mst_shipping_base_fee` DISABLE KEYS */;
INSERT INTO `mst_shipping_base_fee` VALUES (1,1,1470,'2014-11-05 00:00:00','2014-11-05 00:00:00',NULL),(2,2,1090,'2014-11-05 00:00:00','2014-11-05 00:00:00',NULL),(3,3,1090,'2014-11-05 00:00:00','2014-11-05 00:00:00',NULL),(4,4,1090,'2014-11-05 00:00:00','2014-11-05 00:00:00',NULL),(5,5,1090,'2014-11-05 00:00:00','2014-11-05 00:00:00',NULL),(6,6,1090,'2014-11-05 00:00:00','2014-11-05 00:00:00',NULL),(7,7,1090,'2014-11-05 00:00:00','2014-11-05 00:00:00',NULL),(8,8,810,'2014-11-05 00:00:00','2014-11-05 00:00:00',NULL),(9,9,810,'2014-11-05 00:00:00','2014-11-05 00:00:00',NULL),(10,10,810,'2014-11-05 00:00:00','2014-11-05 00:00:00',NULL),(11,11,810,'2014-11-05 00:00:00','2014-11-05 00:00:00',NULL),(12,12,750,'2014-11-05 00:00:00','2014-11-05 00:00:00',NULL),(13,13,750,'2014-11-05 00:00:00','2014-11-05 00:00:00',NULL),(14,14,750,'2014-11-05 00:00:00','2014-11-05 00:00:00',NULL),(15,15,750,'2014-11-05 00:00:00','2014-11-05 00:00:00',NULL),(16,16,990,'2014-11-05 00:00:00','2014-11-05 00:00:00',NULL),(17,17,990,'2014-11-05 00:00:00','2014-11-05 00:00:00',NULL),(18,18,990,'2014-11-05 00:00:00','2014-11-05 00:00:00',NULL),(19,19,990,'2014-11-05 00:00:00','2014-11-05 00:00:00',NULL),(20,20,990,'2014-11-05 00:00:00','2014-11-05 00:00:00',NULL),(21,21,950,'2014-11-05 00:00:00','2014-11-05 00:00:00',NULL),(22,22,950,'2014-11-05 00:00:00','2014-11-05 00:00:00',NULL),(23,23,950,'2014-11-05 00:00:00','2014-11-05 00:00:00',NULL),(24,24,950,'2014-11-05 00:00:00','2014-11-05 00:00:00',NULL),(25,25,1050,'2014-11-05 00:00:00','2014-11-05 00:00:00',NULL),(26,26,1050,'2014-11-05 00:00:00','2014-11-05 00:00:00',NULL),(27,27,1050,'2014-11-05 00:00:00','2014-11-05 00:00:00',NULL),(28,28,1050,'2014-11-05 00:00:00','2014-11-05 00:00:00',NULL),(29,29,1050,'2014-11-05 00:00:00','2014-11-05 00:00:00',NULL),(30,30,1050,'2014-11-05 00:00:00','2014-11-05 00:00:00',NULL),(31,31,1180,'2014-11-05 00:00:00','2014-11-05 00:00:00',NULL),(32,32,1180,'2014-11-05 00:00:00','2014-11-05 00:00:00',NULL),(33,33,1180,'2014-11-05 00:00:00','2014-11-05 00:00:00',NULL),(34,34,1180,'2014-11-05 00:00:00','2014-11-05 00:00:00',NULL),(35,35,1180,'2014-11-05 00:00:00','2014-11-05 00:00:00',NULL),(36,36,1180,'2014-11-05 00:00:00','2014-11-05 00:00:00',NULL),(37,37,1180,'2014-11-05 00:00:00','2014-11-05 00:00:00',NULL),(38,38,1180,'2014-11-05 00:00:00','2014-11-05 00:00:00',NULL),(39,39,1180,'2014-11-05 00:00:00','2014-11-05 00:00:00',NULL),(40,40,1450,'2014-11-05 00:00:00','2014-11-05 00:00:00',NULL),(41,41,1450,'2014-11-05 00:00:00','2014-11-05 00:00:00',NULL),(42,42,1450,'2014-11-05 00:00:00','2014-11-05 00:00:00',NULL),(43,43,1450,'2014-11-05 00:00:00','2014-11-05 00:00:00',NULL),(44,44,1450,'2014-11-05 00:00:00','2014-11-05 00:00:00',NULL),(45,45,1450,'2014-11-05 00:00:00','2014-11-05 00:00:00',NULL),(46,46,1450,'2014-11-05 00:00:00','2014-11-05 00:00:00',NULL),(47,47,20000,'2014-11-05 00:00:00','2014-11-05 00:00:00',NULL);
/*!40000 ALTER TABLE `mst_shipping_base_fee` ENABLE KEYS */;
UNLOCK TABLES;

--
-- Table structure for table `mst_thickness`
--

DROP TABLE IF EXISTS `mst_thickness`;
/*!40101 SET @saved_cs_client     = @@character_set_client */;
/*!40101 SET character_set_client = utf8 */;
CREATE TABLE `mst_thickness` (
  `thickness_id` bigint(20) unsigned NOT NULL AUTO_INCREMENT COMMENT '板厚ID',
  `thickness_value` double unsigned NOT NULL COMMENT '板厚\r\nEフルート/1.5(mm)\r\nBフルート/3.0(mm)\r\nAフルート/5.0(mm)\r\nWフルート/8.0(mm)',
  `thickness_name` varchar(128) NOT NULL COMMENT '板厚の表示値\r\n1.5(mm)/Eフルート\r\n3.0(mm)/Bフルート\r\n5.0(mm)/Aフルート\r\n8.0(mm)/Wフルート',
  `create_at` datetime DEFAULT NULL COMMENT '作成日時',
  `update_at` datetime DEFAULT NULL COMMENT '更新日時',
  `deleted_at` datetime DEFAULT NULL COMMENT '論理削除実施時打刻',
  PRIMARY KEY (`thickness_id`),
  UNIQUE KEY `thickness_id` (`thickness_id`)
) ENGINE=MyISAM AUTO_INCREMENT=5 DEFAULT CHARSET=utf8 COMMENT='板厚を管理するテーブル\r\n板厚\r\nEフルート/1.5(mm)\r\nBフルート/3.0(mm)\r\nAフルート/5.0(mm)';
/*!40101 SET character_set_client = @saved_cs_client */;

--
-- Dumping data for table `mst_thickness`
--

LOCK TABLES `mst_thickness` WRITE;
/*!40000 ALTER TABLE `mst_thickness` DISABLE KEYS */;
INSERT INTO `mst_thickness` VALUES (1,1.5,'Eフルート','2014-10-27 00:00:00','2014-10-27 00:00:00',NULL),(2,3,'Bフルート','2014-10-27 00:00:00','2014-10-27 00:00:00',NULL),(3,5,'Aフルート','2014-10-27 00:00:00','2014-10-27 00:00:00',NULL),(4,8,'Wフルート','2014-10-27 00:00:00','2014-10-27 00:00:00',NULL);
/*!40000 ALTER TABLE `mst_thickness` ENABLE KEYS */;
UNLOCK TABLES;

--
-- Table structure for table `trn_adm_ask_history`
--

DROP TABLE IF EXISTS `trn_adm_ask_history`;
/*!40101 SET @saved_cs_client     = @@character_set_client */;
/*!40101 SET character_set_client = utf8 */;
CREATE TABLE `trn_adm_ask_history` (
  `seqno` bigint(20) unsigned NOT NULL AUTO_INCREMENT COMMENT 'シーケンス番号',
  `processing_price_per_once` bigint(20) DEFAULT NULL COMMENT '一枚当たり見積金額',
  `print_processing_price` bigint(20) DEFAULT NULL COMMENT '印刷工賃',
  `plate_price` bigint(20) DEFAULT NULL COMMENT '版型製作費',
  `thickness_value` double unsigned DEFAULT NULL COMMENT '板厚\r\nEフルート/1.5(mm)\r\nBフルート/3.0(mm)\r\nAフルート/5.0(mm)\r\nWフルート/8.0(mm)',
  `seat_assort_name` varchar(128) DEFAULT NULL COMMENT '紙質\r\nC5\r\nK5',
  `prefecture_name` varchar(128) DEFAULT NULL COMMENT '都道府県表示名',
  `shipping_price` bigint(20) unsigned DEFAULT NULL COMMENT '送料',
  `email_address` varchar(128) DEFAULT NULL COMMENT 'メールアドレス',
  `message` text COMMENT '連絡事項',
  `create_at` datetime DEFAULT NULL COMMENT '作成日時',
  `update_at` datetime DEFAULT NULL COMMENT '更新日時',
  `deleted_at` datetime DEFAULT NULL COMMENT '論理削除実施時打刻',
  PRIMARY KEY (`seqno`),
  UNIQUE KEY `seqno` (`seqno`)
) ENGINE=MyISAM DEFAULT CHARSET=utf8;
/*!40101 SET character_set_client = @saved_cs_client */;

--
-- Dumping data for table `trn_adm_ask_history`
--

LOCK TABLES `trn_adm_ask_history` WRITE;
/*!40000 ALTER TABLE `trn_adm_ask_history` DISABLE KEYS */;
/*!40000 ALTER TABLE `trn_adm_ask_history` ENABLE KEYS */;
UNLOCK TABLES;

--
-- Table structure for table `trn_print_processing_price`
--

DROP TABLE IF EXISTS `trn_print_processing_price`;
/*!40101 SET @saved_cs_client     = @@character_set_client */;
/*!40101 SET character_set_client = utf8 */;
CREATE TABLE `trn_print_processing_price` (
  `seqno` bigint(20) unsigned NOT NULL AUTO_INCREMENT COMMENT 'シーケンス番号',
  `lower_pts` bigint(20) unsigned DEFAULT NULL COMMENT '価格帯制作数下限',
  `upper_pts` bigint(20) unsigned DEFAULT NULL COMMENT '価格帯制作数上限',
  `create_at` datetime DEFAULT NULL COMMENT '作成日時',
  `update_at` datetime DEFAULT NULL COMMENT '更新日時',
  `deleted_at` datetime DEFAULT NULL COMMENT '論理削除実施時打刻',
  `print_processing_price` bigint(20) DEFAULT NULL,
  `lower_heibei` double unsigned DEFAULT NULL,
  `upper_heibei` double unsigned DEFAULT NULL,
  PRIMARY KEY (`seqno`),
  UNIQUE KEY `seqno` (`seqno`)
) ENGINE=MyISAM AUTO_INCREMENT=31 DEFAULT CHARSET=utf8 COMMENT='印刷工賃を管理するテーブル';
/*!40101 SET character_set_client = @saved_cs_client */;

--
-- Dumping data for table `trn_print_processing_price`
--

LOCK TABLES `trn_print_processing_price` WRITE;
/*!40000 ALTER TABLE `trn_print_processing_price` DISABLE KEYS */;
INSERT INTO `trn_print_processing_price` VALUES (1,0,90,'0000-00-00 00:00:00','0000-00-00 00:00:00',NULL,1500,0,1),(2,90,100,'0000-00-00 00:00:00','0000-00-00 00:00:00',NULL,2000,0,1),(3,100,200,'0000-00-00 00:00:00','0000-00-00 00:00:00',NULL,2000,0,1),(4,200,300,'0000-00-00 00:00:00','0000-00-00 00:00:00',NULL,2500,0,1),(5,300,400,'0000-00-00 00:00:00','0000-00-00 00:00:00',NULL,3000,0,1),(6,400,500,'0000-00-00 00:00:00','0000-00-00 00:00:00',NULL,3000,0,1),(7,0,90,'0000-00-00 00:00:00','0000-00-00 00:00:00',NULL,1500,1,1.5),(8,90,100,'0000-00-00 00:00:00','0000-00-00 00:00:00',NULL,2000,1,1.5),(9,100,200,'0000-00-00 00:00:00','0000-00-00 00:00:00',NULL,3000,1,1.5),(10,200,300,'0000-00-00 00:00:00','0000-00-00 00:00:00',NULL,4000,1,1.5),(11,300,400,'0000-00-00 00:00:00','0000-00-00 00:00:00',NULL,5000,1,1.5),(12,400,500,'0000-00-00 00:00:00','0000-00-00 00:00:00',NULL,5000,1,1.5),(13,0,90,'0000-00-00 00:00:00','0000-00-00 00:00:00',NULL,2000,1.5,2),(14,90,100,'0000-00-00 00:00:00','0000-00-00 00:00:00',NULL,3000,1.5,2),(15,100,200,'0000-00-00 00:00:00','0000-00-00 00:00:00',NULL,5000,1.5,2),(16,200,300,'0000-00-00 00:00:00','0000-00-00 00:00:00',NULL,6000,1.5,2),(17,300,400,'0000-00-00 00:00:00','0000-00-00 00:00:00',NULL,6000,1.5,2),(18,400,500,'0000-00-00 00:00:00','0000-00-00 00:00:00',NULL,6000,1.5,2),(19,0,90,'0000-00-00 00:00:00','0000-00-00 00:00:00',NULL,2500,2,2.5),(20,90,100,'0000-00-00 00:00:00','0000-00-00 00:00:00',NULL,3500,2,2.5),(21,100,200,'0000-00-00 00:00:00','0000-00-00 00:00:00',NULL,6000,2,2.5),(22,200,300,'0000-00-00 00:00:00','0000-00-00 00:00:00',NULL,6000,2,2.5),(23,300,400,'0000-00-00 00:00:00','0000-00-00 00:00:00',NULL,6000,2,2.5),(24,400,500,'0000-00-00 00:00:00','0000-00-00 00:00:00',NULL,6000,2,2.5),(25,0,90,'0000-00-00 00:00:00','0000-00-00 00:00:00',NULL,3000,2.5,100),(26,90,100,'0000-00-00 00:00:00','0000-00-00 00:00:00',NULL,4000,2.5,100),(27,100,200,'0000-00-00 00:00:00','0000-00-00 00:00:00',NULL,6000,2.5,100),(28,200,300,'0000-00-00 00:00:00','0000-00-00 00:00:00',NULL,6000,2.5,100),(29,300,400,'0000-00-00 00:00:00','0000-00-00 00:00:00',NULL,6000,2.5,100),(30,400,500,'0000-00-00 00:00:00','0000-00-00 00:00:00',NULL,6000,2.5,100);
/*!40000 ALTER TABLE `trn_print_processing_price` ENABLE KEYS */;
UNLOCK TABLES;

--
-- Table structure for table `trn_processing_price`
--

DROP TABLE IF EXISTS `trn_processing_price`;
/*!40101 SET @saved_cs_client     = @@character_set_client */;
/*!40101 SET character_set_client = utf8 */;
CREATE TABLE `trn_processing_price` (
  `seqno` bigint(20) unsigned NOT NULL AUTO_INCREMENT COMMENT 'シーケンス番号',
  `thickness_id` bigint(20) unsigned DEFAULT NULL COMMENT '板厚ID\r\n板厚マスタより引き込み',
  `seat_assort_id` bigint(20) unsigned DEFAULT NULL COMMENT '紙質ID',
  `processing_price` bigint(20) DEFAULT NULL COMMENT '加工賃(※金額)',
  `lower_pts` bigint(20) unsigned DEFAULT NULL COMMENT '平米数制作数下限',
  `upper_pts` bigint(20) unsigned DEFAULT NULL COMMENT '価格帯制作数上限',
  `lower_heibei` double unsigned DEFAULT NULL,
  `upper_heibei` double unsigned DEFAULT NULL COMMENT '平米数上限',
  `create_at` datetime DEFAULT NULL COMMENT '作成日時',
  `update_at` datetime DEFAULT NULL COMMENT '更新日時',
  `deleted_at` datetime DEFAULT NULL COMMENT '論理削除実施時打刻',
  PRIMARY KEY (`seqno`),
  UNIQUE KEY `seqno` (`seqno`),
  KEY `seat_assort_id` (`seat_assort_id`),
  KEY `thickness_id` (`thickness_id`)
) ENGINE=MyISAM AUTO_INCREMENT=287 DEFAULT CHARSET=utf8 COMMENT='平米数、シート厚さ、シート種別毎の加工賃を管理するテーブル\r\n①平米数を判定(※下限≦計算値＜上限)\r\n②枚数を判定(※';
/*!40101 SET character_set_client = @saved_cs_client */;

--
-- Dumping data for table `trn_processing_price`
--

LOCK TABLES `trn_processing_price` WRITE;
/*!40000 ALTER TABLE `trn_processing_price` DISABLE KEYS */;
INSERT INTO `trn_processing_price` VALUES (1,3,2,400,0,10,0,0.6,'0000-00-00 00:00:00','0000-00-00 00:00:00','0000-00-00 00:00:00'),(2,3,2,217,10,20,0,0.6,'0000-00-00 00:00:00','0000-00-00 00:00:00','0000-00-00 00:00:00'),(3,3,2,192,20,30,0,0.6,'0000-00-00 00:00:00','0000-00-00 00:00:00','0000-00-00 00:00:00'),(4,3,2,81,30,50,0,0.6,'0000-00-00 00:00:00','0000-00-00 00:00:00','0000-00-00 00:00:00'),(5,3,2,74,50,60,0,0.6,'0000-00-00 00:00:00','0000-00-00 00:00:00','0000-00-00 00:00:00'),(6,3,2,66,60,70,0,0.6,'0000-00-00 00:00:00','0000-00-00 00:00:00','0000-00-00 00:00:00'),(7,3,2,65,70,80,0,0.6,'0000-00-00 00:00:00','0000-00-00 00:00:00','0000-00-00 00:00:00'),(8,3,2,58,80,90,0,0.6,'0000-00-00 00:00:00','0000-00-00 00:00:00','0000-00-00 00:00:00'),(9,3,2,56,90,100,0,0.6,'0000-00-00 00:00:00','0000-00-00 00:00:00','0000-00-00 00:00:00'),(10,3,2,35,100,200,0,0.6,'0000-00-00 00:00:00','0000-00-00 00:00:00','0000-00-00 00:00:00'),(11,3,2,27,200,300,0,0.6,'0000-00-00 00:00:00','0000-00-00 00:00:00','0000-00-00 00:00:00'),(12,3,2,22,300,400,0,0.6,'0000-00-00 00:00:00','0000-00-00 00:00:00','0000-00-00 00:00:00'),(13,3,2,20,400,500,0,0.6,'0000-00-00 00:00:00','0000-00-00 00:00:00','0000-00-00 00:00:00'),(14,3,2,400,0,10,0.6,0.7,'0000-00-00 00:00:00','0000-00-00 00:00:00','0000-00-00 00:00:00'),(15,3,2,237,10,20,0.6,0.7,'0000-00-00 00:00:00','0000-00-00 00:00:00','0000-00-00 00:00:00'),(16,3,2,193,20,30,0.6,0.7,'0000-00-00 00:00:00','0000-00-00 00:00:00','0000-00-00 00:00:00'),(17,3,2,78,30,50,0.6,0.7,'0000-00-00 00:00:00','0000-00-00 00:00:00','0000-00-00 00:00:00'),(18,3,2,75,50,60,0.6,0.7,'0000-00-00 00:00:00','0000-00-00 00:00:00','0000-00-00 00:00:00'),(19,3,2,66,60,70,0.6,0.7,'0000-00-00 00:00:00','0000-00-00 00:00:00','0000-00-00 00:00:00'),(20,3,2,63,70,80,0.6,0.7,'0000-00-00 00:00:00','0000-00-00 00:00:00','0000-00-00 00:00:00'),(21,3,2,60,80,90,0.6,0.7,'0000-00-00 00:00:00','0000-00-00 00:00:00','0000-00-00 00:00:00'),(22,3,2,53,90,100,0.6,0.7,'0000-00-00 00:00:00','0000-00-00 00:00:00','0000-00-00 00:00:00'),(23,3,2,35,100,200,0.6,0.7,'0000-00-00 00:00:00','0000-00-00 00:00:00','0000-00-00 00:00:00'),(24,3,2,25,200,300,0.6,0.7,'0000-00-00 00:00:00','0000-00-00 00:00:00','0000-00-00 00:00:00'),(25,3,2,22,300,400,0.6,0.7,'0000-00-00 00:00:00','0000-00-00 00:00:00','0000-00-00 00:00:00'),(26,3,2,20,400,500,0.6,0.7,'0000-00-00 00:00:00','0000-00-00 00:00:00','0000-00-00 00:00:00'),(27,3,2,400,0,10,0.7,0.8,'0000-00-00 00:00:00','0000-00-00 00:00:00','0000-00-00 00:00:00'),(28,3,2,247,10,20,0.7,0.8,'0000-00-00 00:00:00','0000-00-00 00:00:00','0000-00-00 00:00:00'),(29,3,2,197,20,30,0.7,0.8,'0000-00-00 00:00:00','0000-00-00 00:00:00','0000-00-00 00:00:00'),(30,3,2,83,30,50,0.7,0.8,'0000-00-00 00:00:00','0000-00-00 00:00:00','0000-00-00 00:00:00'),(31,3,2,80,50,60,0.7,0.8,'0000-00-00 00:00:00','0000-00-00 00:00:00','0000-00-00 00:00:00'),(32,3,2,72,60,70,0.7,0.8,'0000-00-00 00:00:00','0000-00-00 00:00:00','0000-00-00 00:00:00'),(33,3,2,67,70,80,0.7,0.8,'0000-00-00 00:00:00','0000-00-00 00:00:00','0000-00-00 00:00:00'),(34,3,2,63,80,90,0.7,0.8,'0000-00-00 00:00:00','0000-00-00 00:00:00','0000-00-00 00:00:00'),(35,3,2,57,90,100,0.7,0.8,'0000-00-00 00:00:00','0000-00-00 00:00:00','0000-00-00 00:00:00'),(36,3,2,38,100,200,0.7,0.8,'0000-00-00 00:00:00','0000-00-00 00:00:00','0000-00-00 00:00:00'),(37,3,2,28,200,300,0.7,0.8,'0000-00-00 00:00:00','0000-00-00 00:00:00','0000-00-00 00:00:00'),(38,3,2,23,300,400,0.7,0.8,'0000-00-00 00:00:00','0000-00-00 00:00:00','0000-00-00 00:00:00'),(39,3,2,21,400,500,0.7,0.8,'0000-00-00 00:00:00','0000-00-00 00:00:00','0000-00-00 00:00:00'),(40,3,2,400,0,10,0.8,0.9,'0000-00-00 00:00:00','0000-00-00 00:00:00','0000-00-00 00:00:00'),(41,3,2,257,10,20,0.8,0.9,'0000-00-00 00:00:00','0000-00-00 00:00:00','0000-00-00 00:00:00'),(42,3,2,195,20,30,0.8,0.9,'0000-00-00 00:00:00','0000-00-00 00:00:00','0000-00-00 00:00:00'),(43,3,2,84,30,50,0.8,0.9,'0000-00-00 00:00:00','0000-00-00 00:00:00','0000-00-00 00:00:00'),(44,3,2,71,50,60,0.8,0.9,'0000-00-00 00:00:00','0000-00-00 00:00:00','0000-00-00 00:00:00'),(45,3,2,70,60,70,0.8,0.9,'0000-00-00 00:00:00','0000-00-00 00:00:00','0000-00-00 00:00:00'),(46,3,2,66,70,80,0.8,0.9,'0000-00-00 00:00:00','0000-00-00 00:00:00','0000-00-00 00:00:00'),(47,3,2,66,80,90,0.8,0.9,'0000-00-00 00:00:00','0000-00-00 00:00:00','0000-00-00 00:00:00'),(48,3,2,57,90,100,0.8,0.9,'0000-00-00 00:00:00','0000-00-00 00:00:00','0000-00-00 00:00:00'),(49,3,2,37,100,200,0.8,0.9,'0000-00-00 00:00:00','0000-00-00 00:00:00','0000-00-00 00:00:00'),(50,3,2,31,200,300,0.8,0.9,'0000-00-00 00:00:00','0000-00-00 00:00:00','0000-00-00 00:00:00'),(51,3,2,25,300,400,0.8,0.9,'0000-00-00 00:00:00','0000-00-00 00:00:00','0000-00-00 00:00:00'),(52,3,2,23,400,500,0.8,0.9,'0000-00-00 00:00:00','0000-00-00 00:00:00','0000-00-00 00:00:00'),(53,3,2,400,0,10,0.9,1,'0000-00-00 00:00:00','0000-00-00 00:00:00','0000-00-00 00:00:00'),(54,3,2,261,10,20,0.9,1,'0000-00-00 00:00:00','0000-00-00 00:00:00','0000-00-00 00:00:00'),(55,3,2,195,20,30,0.9,1,'0000-00-00 00:00:00','0000-00-00 00:00:00','0000-00-00 00:00:00'),(56,3,2,90,30,50,0.9,1,'0000-00-00 00:00:00','0000-00-00 00:00:00','0000-00-00 00:00:00'),(57,3,2,83,50,60,0.9,1,'0000-00-00 00:00:00','0000-00-00 00:00:00','0000-00-00 00:00:00'),(58,3,2,78,60,70,0.9,1,'0000-00-00 00:00:00','0000-00-00 00:00:00','0000-00-00 00:00:00'),(59,3,2,73,70,80,0.9,1,'0000-00-00 00:00:00','0000-00-00 00:00:00','0000-00-00 00:00:00'),(60,3,2,67,80,90,0.9,1,'0000-00-00 00:00:00','0000-00-00 00:00:00','0000-00-00 00:00:00'),(61,3,2,62,90,100,0.9,1,'0000-00-00 00:00:00','0000-00-00 00:00:00','0000-00-00 00:00:00'),(62,3,2,40,100,200,0.9,1,'0000-00-00 00:00:00','0000-00-00 00:00:00','0000-00-00 00:00:00'),(63,3,2,34,200,300,0.9,1,'0000-00-00 00:00:00','0000-00-00 00:00:00','0000-00-00 00:00:00'),(64,3,2,29,300,400,0.9,1,'0000-00-00 00:00:00','0000-00-00 00:00:00','0000-00-00 00:00:00'),(65,3,2,30,400,500,0.9,1,'0000-00-00 00:00:00','0000-00-00 00:00:00','0000-00-00 00:00:00'),(66,3,2,400,0,10,1,1.1,'0000-00-00 00:00:00','0000-00-00 00:00:00','0000-00-00 00:00:00'),(67,3,2,291,10,20,1,1.1,'0000-00-00 00:00:00','0000-00-00 00:00:00','0000-00-00 00:00:00'),(68,3,2,201,20,30,1,1.1,'0000-00-00 00:00:00','0000-00-00 00:00:00','0000-00-00 00:00:00'),(69,3,2,110,30,50,1,1.1,'0000-00-00 00:00:00','0000-00-00 00:00:00','0000-00-00 00:00:00'),(70,3,2,102,50,60,1,1.1,'0000-00-00 00:00:00','0000-00-00 00:00:00','0000-00-00 00:00:00'),(71,3,2,95,60,70,1,1.1,'0000-00-00 00:00:00','0000-00-00 00:00:00','0000-00-00 00:00:00'),(72,3,2,92,70,80,1,1.1,'0000-00-00 00:00:00','0000-00-00 00:00:00','0000-00-00 00:00:00'),(73,3,2,90,80,90,1,1.1,'0000-00-00 00:00:00','0000-00-00 00:00:00','0000-00-00 00:00:00'),(74,3,2,79,90,100,1,1.1,'0000-00-00 00:00:00','0000-00-00 00:00:00','0000-00-00 00:00:00'),(75,3,2,54,100,200,1,1.1,'0000-00-00 00:00:00','0000-00-00 00:00:00','0000-00-00 00:00:00'),(76,3,2,47,200,300,1,1.1,'0000-00-00 00:00:00','0000-00-00 00:00:00','0000-00-00 00:00:00'),(77,3,2,42,300,400,1,1.1,'0000-00-00 00:00:00','0000-00-00 00:00:00','0000-00-00 00:00:00'),(78,3,2,39,400,500,1,1.1,'0000-00-00 00:00:00','0000-00-00 00:00:00','0000-00-00 00:00:00'),(79,3,2,400,0,10,1.1,1.2,'0000-00-00 00:00:00','0000-00-00 00:00:00','0000-00-00 00:00:00'),(80,3,2,291,10,20,1.1,1.2,'0000-00-00 00:00:00','0000-00-00 00:00:00','0000-00-00 00:00:00'),(81,3,2,201,20,30,1.1,1.2,'0000-00-00 00:00:00','0000-00-00 00:00:00','0000-00-00 00:00:00'),(82,3,2,108,30,50,1.1,1.2,'0000-00-00 00:00:00','0000-00-00 00:00:00','0000-00-00 00:00:00'),(83,3,2,95,50,60,1.1,1.2,'0000-00-00 00:00:00','0000-00-00 00:00:00','0000-00-00 00:00:00'),(84,3,2,92,60,70,1.1,1.2,'0000-00-00 00:00:00','0000-00-00 00:00:00','0000-00-00 00:00:00'),(85,3,2,85,70,80,1.1,1.2,'0000-00-00 00:00:00','0000-00-00 00:00:00','0000-00-00 00:00:00'),(86,3,2,85,80,90,1.1,1.2,'0000-00-00 00:00:00','0000-00-00 00:00:00','0000-00-00 00:00:00'),(87,3,2,73,90,100,1.1,1.2,'0000-00-00 00:00:00','0000-00-00 00:00:00','0000-00-00 00:00:00'),(88,3,2,50,100,200,1.1,1.2,'0000-00-00 00:00:00','0000-00-00 00:00:00','0000-00-00 00:00:00'),(89,3,2,41,200,300,1.1,1.2,'0000-00-00 00:00:00','0000-00-00 00:00:00','0000-00-00 00:00:00'),(90,3,2,36,300,400,1.1,1.2,'0000-00-00 00:00:00','0000-00-00 00:00:00','0000-00-00 00:00:00'),(91,3,2,35,400,500,1.1,1.2,'0000-00-00 00:00:00','0000-00-00 00:00:00','0000-00-00 00:00:00'),(92,3,2,428,0,10,1.2,1.3,'0000-00-00 00:00:00','0000-00-00 00:00:00','0000-00-00 00:00:00'),(93,3,2,298,10,20,1.2,1.3,'0000-00-00 00:00:00','0000-00-00 00:00:00','0000-00-00 00:00:00'),(94,3,2,205,20,30,1.2,1.3,'0000-00-00 00:00:00','0000-00-00 00:00:00','0000-00-00 00:00:00'),(95,3,2,108,30,50,1.2,1.3,'0000-00-00 00:00:00','0000-00-00 00:00:00','0000-00-00 00:00:00'),(96,3,2,102,50,60,1.2,1.3,'0000-00-00 00:00:00','0000-00-00 00:00:00','0000-00-00 00:00:00'),(97,3,2,92,60,70,1.2,1.3,'0000-00-00 00:00:00','0000-00-00 00:00:00','0000-00-00 00:00:00'),(98,3,2,92,70,80,1.2,1.3,'0000-00-00 00:00:00','0000-00-00 00:00:00','0000-00-00 00:00:00'),(99,3,2,85,80,90,1.2,1.3,'0000-00-00 00:00:00','0000-00-00 00:00:00','0000-00-00 00:00:00'),(100,3,2,76,90,100,1.2,1.3,'0000-00-00 00:00:00','0000-00-00 00:00:00','0000-00-00 00:00:00'),(101,3,2,50,100,200,1.2,1.3,'0000-00-00 00:00:00','0000-00-00 00:00:00','0000-00-00 00:00:00'),(102,3,2,40,200,300,1.2,1.3,'0000-00-00 00:00:00','0000-00-00 00:00:00','0000-00-00 00:00:00'),(103,3,2,39,300,400,1.2,1.3,'0000-00-00 00:00:00','0000-00-00 00:00:00','0000-00-00 00:00:00'),(104,3,2,37,400,500,1.2,1.3,'0000-00-00 00:00:00','0000-00-00 00:00:00','0000-00-00 00:00:00'),(105,3,2,450,0,10,1.3,1.4,'0000-00-00 00:00:00','0000-00-00 00:00:00','0000-00-00 00:00:00'),(106,3,2,308,10,20,1.3,1.4,'0000-00-00 00:00:00','0000-00-00 00:00:00','0000-00-00 00:00:00'),(107,3,2,205,20,30,1.3,1.4,'0000-00-00 00:00:00','0000-00-00 00:00:00','0000-00-00 00:00:00'),(108,3,2,117,30,50,1.3,1.4,'0000-00-00 00:00:00','0000-00-00 00:00:00','0000-00-00 00:00:00'),(109,3,2,102,50,60,1.3,1.4,'0000-00-00 00:00:00','0000-00-00 00:00:00','0000-00-00 00:00:00'),(110,3,2,101,60,70,1.3,1.4,'0000-00-00 00:00:00','0000-00-00 00:00:00','0000-00-00 00:00:00'),(111,3,2,91,70,80,1.3,1.4,'0000-00-00 00:00:00','0000-00-00 00:00:00','0000-00-00 00:00:00'),(112,3,2,87,80,90,1.3,1.4,'0000-00-00 00:00:00','0000-00-00 00:00:00','0000-00-00 00:00:00'),(113,3,2,78,90,100,1.3,1.4,'0000-00-00 00:00:00','0000-00-00 00:00:00','0000-00-00 00:00:00'),(114,3,2,52,100,200,1.3,1.4,'0000-00-00 00:00:00','0000-00-00 00:00:00','0000-00-00 00:00:00'),(115,3,2,43,200,300,1.3,1.4,'0000-00-00 00:00:00','0000-00-00 00:00:00','0000-00-00 00:00:00'),(116,3,2,40,300,400,1.3,1.4,'0000-00-00 00:00:00','0000-00-00 00:00:00','0000-00-00 00:00:00'),(117,3,2,37,400,500,1.3,1.4,'0000-00-00 00:00:00','0000-00-00 00:00:00','0000-00-00 00:00:00'),(118,3,2,450,0,10,1.4,1.5,'0000-00-00 00:00:00','0000-00-00 00:00:00','0000-00-00 00:00:00'),(119,3,2,308,10,20,1.4,1.5,'0000-00-00 00:00:00','0000-00-00 00:00:00','0000-00-00 00:00:00'),(120,3,2,205,20,30,1.4,1.5,'0000-00-00 00:00:00','0000-00-00 00:00:00','0000-00-00 00:00:00'),(121,3,2,117,30,50,1.4,1.5,'0000-00-00 00:00:00','0000-00-00 00:00:00','0000-00-00 00:00:00'),(122,3,2,102,50,60,1.4,1.5,'0000-00-00 00:00:00','0000-00-00 00:00:00','0000-00-00 00:00:00'),(123,3,2,101,60,70,1.4,1.5,'0000-00-00 00:00:00','0000-00-00 00:00:00','0000-00-00 00:00:00'),(124,3,2,91,70,80,1.4,1.5,'0000-00-00 00:00:00','0000-00-00 00:00:00','0000-00-00 00:00:00'),(125,3,2,87,80,90,1.4,1.5,'0000-00-00 00:00:00','0000-00-00 00:00:00','0000-00-00 00:00:00'),(126,3,2,78,90,100,1.4,1.5,'0000-00-00 00:00:00','0000-00-00 00:00:00','0000-00-00 00:00:00'),(127,3,2,52,100,200,1.4,1.5,'0000-00-00 00:00:00','0000-00-00 00:00:00','0000-00-00 00:00:00'),(128,3,2,43,200,300,1.4,1.5,'0000-00-00 00:00:00','0000-00-00 00:00:00','0000-00-00 00:00:00'),(129,3,2,40,300,400,1.4,1.5,'0000-00-00 00:00:00','0000-00-00 00:00:00','0000-00-00 00:00:00'),(130,3,2,37,400,500,1.4,1.5,'0000-00-00 00:00:00','0000-00-00 00:00:00','0000-00-00 00:00:00'),(131,3,2,478,0,10,1.5,1.6,'0000-00-00 00:00:00','0000-00-00 00:00:00','0000-00-00 00:00:00'),(132,3,2,322,10,20,1.5,1.6,'0000-00-00 00:00:00','0000-00-00 00:00:00','0000-00-00 00:00:00'),(133,3,2,215,20,30,1.5,1.6,'0000-00-00 00:00:00','0000-00-00 00:00:00','0000-00-00 00:00:00'),(134,3,2,111,30,50,1.5,1.6,'0000-00-00 00:00:00','0000-00-00 00:00:00','0000-00-00 00:00:00'),(135,3,2,97,50,60,1.5,1.6,'0000-00-00 00:00:00','0000-00-00 00:00:00','0000-00-00 00:00:00'),(136,3,2,96,60,70,1.5,1.6,'0000-00-00 00:00:00','0000-00-00 00:00:00','0000-00-00 00:00:00'),(137,3,2,88,70,80,1.5,1.6,'0000-00-00 00:00:00','0000-00-00 00:00:00','0000-00-00 00:00:00'),(138,3,2,88,80,90,1.5,1.6,'0000-00-00 00:00:00','0000-00-00 00:00:00','0000-00-00 00:00:00'),(139,3,2,80,90,100,1.5,1.6,'0000-00-00 00:00:00','0000-00-00 00:00:00','0000-00-00 00:00:00'),(140,3,2,60,100,200,1.5,1.6,'0000-00-00 00:00:00','0000-00-00 00:00:00','0000-00-00 00:00:00'),(141,3,2,50,200,300,1.5,1.6,'0000-00-00 00:00:00','0000-00-00 00:00:00','0000-00-00 00:00:00'),(142,3,2,46,300,400,1.5,1.6,'0000-00-00 00:00:00','0000-00-00 00:00:00','0000-00-00 00:00:00'),(143,3,2,43,400,500,1.5,1.6,'0000-00-00 00:00:00','0000-00-00 00:00:00','0000-00-00 00:00:00'),(144,3,2,518,0,10,1.6,1.7,'0000-00-00 00:00:00','0000-00-00 00:00:00','0000-00-00 00:00:00'),(145,3,2,322,10,20,1.6,1.7,'0000-00-00 00:00:00','0000-00-00 00:00:00','0000-00-00 00:00:00'),(146,3,2,218,20,30,1.6,1.7,'0000-00-00 00:00:00','0000-00-00 00:00:00','0000-00-00 00:00:00'),(147,3,2,129,30,50,1.6,1.7,'0000-00-00 00:00:00','0000-00-00 00:00:00','0000-00-00 00:00:00'),(148,3,2,112,50,60,1.6,1.7,'0000-00-00 00:00:00','0000-00-00 00:00:00','0000-00-00 00:00:00'),(149,3,2,116,60,70,1.6,1.7,'0000-00-00 00:00:00','0000-00-00 00:00:00','0000-00-00 00:00:00'),(150,3,2,101,70,80,1.6,1.7,'0000-00-00 00:00:00','0000-00-00 00:00:00','0000-00-00 00:00:00'),(151,3,2,99,80,90,1.6,1.7,'0000-00-00 00:00:00','0000-00-00 00:00:00','0000-00-00 00:00:00'),(152,3,2,92,90,100,1.6,1.7,'0000-00-00 00:00:00','0000-00-00 00:00:00','0000-00-00 00:00:00'),(153,3,2,64,100,200,1.6,1.7,'0000-00-00 00:00:00','0000-00-00 00:00:00','0000-00-00 00:00:00'),(154,3,2,57,200,300,1.6,1.7,'0000-00-00 00:00:00','0000-00-00 00:00:00','0000-00-00 00:00:00'),(155,3,2,52,300,400,1.6,1.7,'0000-00-00 00:00:00','0000-00-00 00:00:00','0000-00-00 00:00:00'),(156,3,2,49,400,500,1.6,1.7,'0000-00-00 00:00:00','0000-00-00 00:00:00','0000-00-00 00:00:00'),(157,3,2,541,0,10,1.7,1.8,'0000-00-00 00:00:00','0000-00-00 00:00:00','0000-00-00 00:00:00'),(158,3,2,329,10,20,1.7,1.8,'0000-00-00 00:00:00','0000-00-00 00:00:00','0000-00-00 00:00:00'),(159,3,2,220,20,30,1.7,1.8,'0000-00-00 00:00:00','0000-00-00 00:00:00','0000-00-00 00:00:00'),(160,3,2,134,30,50,1.7,1.8,'0000-00-00 00:00:00','0000-00-00 00:00:00','0000-00-00 00:00:00'),(161,3,2,122,50,60,1.7,1.8,'0000-00-00 00:00:00','0000-00-00 00:00:00','0000-00-00 00:00:00'),(162,3,2,125,60,70,1.7,1.8,'0000-00-00 00:00:00','0000-00-00 00:00:00','0000-00-00 00:00:00'),(163,3,2,114,70,80,1.7,1.8,'0000-00-00 00:00:00','0000-00-00 00:00:00','0000-00-00 00:00:00'),(164,3,2,104,80,90,1.7,1.8,'0000-00-00 00:00:00','0000-00-00 00:00:00','0000-00-00 00:00:00'),(165,3,2,95,90,100,1.7,1.8,'0000-00-00 00:00:00','0000-00-00 00:00:00','0000-00-00 00:00:00'),(166,3,2,68,100,200,1.7,1.8,'0000-00-00 00:00:00','0000-00-00 00:00:00','0000-00-00 00:00:00'),(167,3,2,58,200,300,1.7,1.8,'0000-00-00 00:00:00','0000-00-00 00:00:00','0000-00-00 00:00:00'),(168,3,2,54,300,400,1.7,1.8,'0000-00-00 00:00:00','0000-00-00 00:00:00','0000-00-00 00:00:00'),(169,3,2,52,400,500,1.7,1.8,'0000-00-00 00:00:00','0000-00-00 00:00:00','0000-00-00 00:00:00'),(170,3,2,565,0,10,1.8,1.9,'0000-00-00 00:00:00','0000-00-00 00:00:00','0000-00-00 00:00:00'),(171,3,2,325,10,20,1.8,1.9,'0000-00-00 00:00:00','0000-00-00 00:00:00','0000-00-00 00:00:00'),(172,3,2,231,20,30,1.8,1.9,'0000-00-00 00:00:00','0000-00-00 00:00:00','0000-00-00 00:00:00'),(173,3,2,138,30,50,1.8,1.9,'0000-00-00 00:00:00','0000-00-00 00:00:00','0000-00-00 00:00:00'),(174,3,2,124,50,60,1.8,1.9,'0000-00-00 00:00:00','0000-00-00 00:00:00','0000-00-00 00:00:00'),(175,3,2,127,60,70,1.8,1.9,'0000-00-00 00:00:00','0000-00-00 00:00:00','0000-00-00 00:00:00'),(176,3,2,112,70,80,1.8,1.9,'0000-00-00 00:00:00','0000-00-00 00:00:00','0000-00-00 00:00:00'),(177,3,2,116,80,90,1.8,1.9,'0000-00-00 00:00:00','0000-00-00 00:00:00','0000-00-00 00:00:00'),(178,3,2,106,90,100,1.8,1.9,'0000-00-00 00:00:00','0000-00-00 00:00:00','0000-00-00 00:00:00'),(179,3,2,79,100,200,1.8,1.9,'0000-00-00 00:00:00','0000-00-00 00:00:00','0000-00-00 00:00:00'),(180,3,2,71,200,300,1.8,1.9,'0000-00-00 00:00:00','0000-00-00 00:00:00','0000-00-00 00:00:00'),(181,3,2,66,300,400,1.8,1.9,'0000-00-00 00:00:00','0000-00-00 00:00:00','0000-00-00 00:00:00'),(182,3,2,63,400,500,1.8,1.9,'0000-00-00 00:00:00','0000-00-00 00:00:00','0000-00-00 00:00:00'),(183,3,2,580,0,10,1.9,2,'0000-00-00 00:00:00','0000-00-00 00:00:00','0000-00-00 00:00:00'),(184,3,2,325,10,20,1.9,2,'0000-00-00 00:00:00','0000-00-00 00:00:00','0000-00-00 00:00:00'),(185,3,2,231,20,30,1.9,2,'0000-00-00 00:00:00','0000-00-00 00:00:00','0000-00-00 00:00:00'),(186,3,2,138,30,50,1.9,2,'0000-00-00 00:00:00','0000-00-00 00:00:00','0000-00-00 00:00:00'),(187,3,2,143,50,60,1.9,2,'0000-00-00 00:00:00','0000-00-00 00:00:00','0000-00-00 00:00:00'),(188,3,2,127,60,70,1.9,2,'0000-00-00 00:00:00','0000-00-00 00:00:00','0000-00-00 00:00:00'),(189,3,2,120,70,80,1.9,2,'0000-00-00 00:00:00','0000-00-00 00:00:00','0000-00-00 00:00:00'),(190,3,2,116,80,90,1.9,2,'0000-00-00 00:00:00','0000-00-00 00:00:00','0000-00-00 00:00:00'),(191,3,2,105,90,100,1.9,2,'0000-00-00 00:00:00','0000-00-00 00:00:00','0000-00-00 00:00:00'),(192,3,2,78,100,200,1.9,2,'0000-00-00 00:00:00','0000-00-00 00:00:00','0000-00-00 00:00:00'),(193,3,2,69,200,300,1.9,2,'0000-00-00 00:00:00','0000-00-00 00:00:00','0000-00-00 00:00:00'),(194,3,2,65,300,400,1.9,2,'0000-00-00 00:00:00','0000-00-00 00:00:00','0000-00-00 00:00:00'),(195,3,2,62,400,500,1.9,2,'0000-00-00 00:00:00','0000-00-00 00:00:00','0000-00-00 00:00:00'),(196,3,2,678,0,10,2,2.1,'0000-00-00 00:00:00','0000-00-00 00:00:00','0000-00-00 00:00:00'),(197,3,2,365,10,20,2,2.1,'0000-00-00 00:00:00','0000-00-00 00:00:00','0000-00-00 00:00:00'),(198,3,2,256,20,30,2,2.1,'0000-00-00 00:00:00','0000-00-00 00:00:00','0000-00-00 00:00:00'),(199,3,2,168,30,50,2,2.1,'0000-00-00 00:00:00','0000-00-00 00:00:00','0000-00-00 00:00:00'),(200,3,2,152,50,60,2,2.1,'0000-00-00 00:00:00','0000-00-00 00:00:00','0000-00-00 00:00:00'),(201,3,2,150,60,70,2,2.1,'0000-00-00 00:00:00','0000-00-00 00:00:00','0000-00-00 00:00:00'),(202,3,2,147,70,80,2,2.1,'0000-00-00 00:00:00','0000-00-00 00:00:00','0000-00-00 00:00:00'),(203,3,2,140,80,90,2,2.1,'0000-00-00 00:00:00','0000-00-00 00:00:00','0000-00-00 00:00:00'),(204,3,2,107,90,100,2,2.1,'0000-00-00 00:00:00','0000-00-00 00:00:00','0000-00-00 00:00:00'),(205,3,2,78,100,200,2,2.1,'0000-00-00 00:00:00','0000-00-00 00:00:00','0000-00-00 00:00:00'),(206,3,2,71,200,300,2,2.1,'0000-00-00 00:00:00','0000-00-00 00:00:00','0000-00-00 00:00:00'),(207,3,2,66,300,400,2,2.1,'0000-00-00 00:00:00','0000-00-00 00:00:00','0000-00-00 00:00:00'),(208,3,2,63,400,500,2,2.1,'0000-00-00 00:00:00','0000-00-00 00:00:00','0000-00-00 00:00:00'),(209,3,2,670,0,10,2.1,2.2,'0000-00-00 00:00:00','0000-00-00 00:00:00','0000-00-00 00:00:00'),(210,3,2,365,10,20,2.1,2.2,'0000-00-00 00:00:00','0000-00-00 00:00:00','0000-00-00 00:00:00'),(211,3,2,251,20,30,2.1,2.2,'0000-00-00 00:00:00','0000-00-00 00:00:00','0000-00-00 00:00:00'),(212,3,2,168,30,50,2.1,2.2,'0000-00-00 00:00:00','0000-00-00 00:00:00','0000-00-00 00:00:00'),(213,3,2,152,50,60,2.1,2.2,'0000-00-00 00:00:00','0000-00-00 00:00:00','0000-00-00 00:00:00'),(214,3,2,147,60,70,2.1,2.2,'0000-00-00 00:00:00','0000-00-00 00:00:00','0000-00-00 00:00:00'),(215,3,2,143,70,80,2.1,2.2,'0000-00-00 00:00:00','0000-00-00 00:00:00','0000-00-00 00:00:00'),(216,3,2,152,80,90,2.1,2.2,'0000-00-00 00:00:00','0000-00-00 00:00:00','0000-00-00 00:00:00'),(217,3,2,104,90,100,2.1,2.2,'0000-00-00 00:00:00','0000-00-00 00:00:00','0000-00-00 00:00:00'),(218,3,2,77,100,200,2.1,2.2,'0000-00-00 00:00:00','0000-00-00 00:00:00','0000-00-00 00:00:00'),(219,3,2,67,200,300,2.1,2.2,'0000-00-00 00:00:00','0000-00-00 00:00:00','0000-00-00 00:00:00'),(220,3,2,63,300,400,2.1,2.2,'0000-00-00 00:00:00','0000-00-00 00:00:00','0000-00-00 00:00:00'),(221,3,2,61,400,500,2.1,2.2,'0000-00-00 00:00:00','0000-00-00 00:00:00','0000-00-00 00:00:00'),(222,3,2,670,0,10,2.2,2.3,'0000-00-00 00:00:00','0000-00-00 00:00:00','0000-00-00 00:00:00'),(223,3,2,365,10,20,2.2,2.3,'0000-00-00 00:00:00','0000-00-00 00:00:00','0000-00-00 00:00:00'),(224,3,2,251,20,30,2.2,2.3,'0000-00-00 00:00:00','0000-00-00 00:00:00','0000-00-00 00:00:00'),(225,3,2,186,30,50,2.2,2.3,'0000-00-00 00:00:00','0000-00-00 00:00:00','0000-00-00 00:00:00'),(226,3,2,167,50,60,2.2,2.3,'0000-00-00 00:00:00','0000-00-00 00:00:00','0000-00-00 00:00:00'),(227,3,2,169,60,70,2.2,2.3,'0000-00-00 00:00:00','0000-00-00 00:00:00','0000-00-00 00:00:00'),(228,3,2,151,70,80,2.2,2.3,'0000-00-00 00:00:00','0000-00-00 00:00:00','0000-00-00 00:00:00'),(229,3,2,152,80,90,2.2,2.3,'0000-00-00 00:00:00','0000-00-00 00:00:00','0000-00-00 00:00:00'),(230,3,2,119,90,100,2.2,2.3,'0000-00-00 00:00:00','0000-00-00 00:00:00','0000-00-00 00:00:00'),(231,3,2,91,100,200,2.2,2.3,'0000-00-00 00:00:00','0000-00-00 00:00:00','0000-00-00 00:00:00'),(232,3,2,82,200,300,2.2,2.3,'0000-00-00 00:00:00','0000-00-00 00:00:00','0000-00-00 00:00:00'),(233,3,2,77,300,400,2.2,2.3,'0000-00-00 00:00:00','0000-00-00 00:00:00','0000-00-00 00:00:00'),(234,3,2,74,400,500,2.2,2.3,'0000-00-00 00:00:00','0000-00-00 00:00:00','0000-00-00 00:00:00'),(235,3,2,670,0,10,2.3,2.4,'0000-00-00 00:00:00','0000-00-00 00:00:00','0000-00-00 00:00:00'),(236,3,2,365,10,20,2.3,2.4,'0000-00-00 00:00:00','0000-00-00 00:00:00','0000-00-00 00:00:00'),(237,3,2,251,20,30,2.3,2.4,'0000-00-00 00:00:00','0000-00-00 00:00:00','0000-00-00 00:00:00'),(238,3,2,186,30,50,2.3,2.4,'0000-00-00 00:00:00','0000-00-00 00:00:00','0000-00-00 00:00:00'),(239,3,2,167,50,60,2.3,2.4,'0000-00-00 00:00:00','0000-00-00 00:00:00','0000-00-00 00:00:00'),(240,3,2,167,60,70,2.3,2.4,'0000-00-00 00:00:00','0000-00-00 00:00:00','0000-00-00 00:00:00'),(241,3,2,150,70,80,2.3,2.4,'0000-00-00 00:00:00','0000-00-00 00:00:00','0000-00-00 00:00:00'),(242,3,2,138,80,90,2.3,2.4,'0000-00-00 00:00:00','0000-00-00 00:00:00','0000-00-00 00:00:00'),(243,3,2,115,90,100,2.3,2.4,'0000-00-00 00:00:00','0000-00-00 00:00:00','0000-00-00 00:00:00'),(244,3,2,84,100,200,2.3,2.4,'0000-00-00 00:00:00','0000-00-00 00:00:00','0000-00-00 00:00:00'),(245,3,2,79,200,300,2.3,2.4,'0000-00-00 00:00:00','0000-00-00 00:00:00','0000-00-00 00:00:00'),(246,3,2,74,300,400,2.3,2.4,'0000-00-00 00:00:00','0000-00-00 00:00:00','0000-00-00 00:00:00'),(247,3,2,72,400,500,2.3,2.4,'0000-00-00 00:00:00','0000-00-00 00:00:00','0000-00-00 00:00:00'),(248,3,2,710,0,10,2.4,2.5,'0000-00-00 00:00:00','0000-00-00 00:00:00','0000-00-00 00:00:00'),(249,3,2,370,10,20,2.4,2.5,'0000-00-00 00:00:00','0000-00-00 00:00:00','0000-00-00 00:00:00'),(250,3,2,256,20,30,2.4,2.5,'0000-00-00 00:00:00','0000-00-00 00:00:00','0000-00-00 00:00:00'),(251,3,2,199,30,50,2.4,2.5,'0000-00-00 00:00:00','0000-00-00 00:00:00','0000-00-00 00:00:00'),(252,3,2,172,50,60,2.4,2.5,'0000-00-00 00:00:00','0000-00-00 00:00:00','0000-00-00 00:00:00'),(253,3,2,174,60,70,2.4,2.5,'0000-00-00 00:00:00','0000-00-00 00:00:00','0000-00-00 00:00:00'),(254,3,2,156,70,80,2.4,2.5,'0000-00-00 00:00:00','0000-00-00 00:00:00','0000-00-00 00:00:00'),(255,3,2,143,80,90,2.4,2.5,'0000-00-00 00:00:00','0000-00-00 00:00:00','0000-00-00 00:00:00'),(256,3,2,123,90,100,2.4,2.5,'0000-00-00 00:00:00','0000-00-00 00:00:00','0000-00-00 00:00:00'),(257,3,2,96,100,200,2.4,2.5,'0000-00-00 00:00:00','0000-00-00 00:00:00','0000-00-00 00:00:00'),(258,3,2,86,200,300,2.4,2.5,'0000-00-00 00:00:00','0000-00-00 00:00:00','0000-00-00 00:00:00'),(259,3,2,82,300,400,2.4,2.5,'0000-00-00 00:00:00','0000-00-00 00:00:00','0000-00-00 00:00:00'),(260,3,2,79,400,500,2.4,2.5,'0000-00-00 00:00:00','0000-00-00 00:00:00','0000-00-00 00:00:00'),(261,3,2,710,0,10,2.5,3,'0000-00-00 00:00:00','0000-00-00 00:00:00','0000-00-00 00:00:00'),(262,3,2,370,10,20,2.5,3,'0000-00-00 00:00:00','0000-00-00 00:00:00','0000-00-00 00:00:00'),(263,3,2,256,20,30,2.5,3,'0000-00-00 00:00:00','0000-00-00 00:00:00','0000-00-00 00:00:00'),(264,3,2,199,30,50,2.5,3,'0000-00-00 00:00:00','0000-00-00 00:00:00','0000-00-00 00:00:00'),(265,3,2,172,50,60,2.5,3,'0000-00-00 00:00:00','0000-00-00 00:00:00','0000-00-00 00:00:00'),(266,3,2,174,60,70,2.5,3,'0000-00-00 00:00:00','0000-00-00 00:00:00','0000-00-00 00:00:00'),(267,3,2,156,70,80,2.5,3,'0000-00-00 00:00:00','0000-00-00 00:00:00','0000-00-00 00:00:00'),(268,3,2,143,80,90,2.5,3,'0000-00-00 00:00:00','0000-00-00 00:00:00','0000-00-00 00:00:00'),(269,3,2,121,90,100,2.5,3,'0000-00-00 00:00:00','0000-00-00 00:00:00','0000-00-00 00:00:00'),(270,3,2,93,100,200,2.5,3,'0000-00-00 00:00:00','0000-00-00 00:00:00','0000-00-00 00:00:00'),(271,3,2,85,200,300,2.5,3,'0000-00-00 00:00:00','0000-00-00 00:00:00','0000-00-00 00:00:00'),(272,3,2,80,300,400,2.5,3,'0000-00-00 00:00:00','0000-00-00 00:00:00','0000-00-00 00:00:00'),(273,3,2,77,400,500,2.5,3,'0000-00-00 00:00:00','0000-00-00 00:00:00','0000-00-00 00:00:00'),(274,3,2,690,0,10,3,100,'0000-00-00 00:00:00','0000-00-00 00:00:00','0000-00-00 00:00:00'),(275,3,2,355,10,20,3,100,'0000-00-00 00:00:00','0000-00-00 00:00:00','0000-00-00 00:00:00'),(276,3,2,300,20,30,3,100,'0000-00-00 00:00:00','0000-00-00 00:00:00','0000-00-00 00:00:00'),(277,3,2,216,30,50,3,100,'0000-00-00 00:00:00','0000-00-00 00:00:00','0000-00-00 00:00:00'),(278,3,2,180,50,60,3,100,'0000-00-00 00:00:00','0000-00-00 00:00:00','0000-00-00 00:00:00'),(279,3,2,176,60,70,3,100,'0000-00-00 00:00:00','0000-00-00 00:00:00','0000-00-00 00:00:00'),(280,3,2,160,70,80,3,100,'0000-00-00 00:00:00','0000-00-00 00:00:00','0000-00-00 00:00:00'),(281,3,2,150,80,90,3,100,'0000-00-00 00:00:00','0000-00-00 00:00:00','0000-00-00 00:00:00'),(282,3,2,141,90,100,3,100,'0000-00-00 00:00:00','0000-00-00 00:00:00','0000-00-00 00:00:00'),(283,3,2,113,100,200,3,100,'0000-00-00 00:00:00','0000-00-00 00:00:00','0000-00-00 00:00:00'),(284,3,2,103,200,300,3,100,'0000-00-00 00:00:00','0000-00-00 00:00:00','0000-00-00 00:00:00'),(285,3,2,95,300,400,3,100,'0000-00-00 00:00:00','0000-00-00 00:00:00','0000-00-00 00:00:00'),(286,3,2,88,400,500,3,100,'0000-00-00 00:00:00','0000-00-00 00:00:00','0000-00-00 00:00:00');
/*!40000 ALTER TABLE `trn_processing_price` ENABLE KEYS */;
UNLOCK TABLES;
/*!40103 SET TIME_ZONE=@OLD_TIME_ZONE */;

/*!40101 SET SQL_MODE=@OLD_SQL_MODE */;
/*!40014 SET FOREIGN_KEY_CHECKS=@OLD_FOREIGN_KEY_CHECKS */;
/*!40014 SET UNIQUE_CHECKS=@OLD_UNIQUE_CHECKS */;
/*!40101 SET CHARACTER_SET_CLIENT=@OLD_CHARACTER_SET_CLIENT */;
/*!40101 SET CHARACTER_SET_RESULTS=@OLD_CHARACTER_SET_RESULTS */;
/*!40101 SET COLLATION_CONNECTION=@OLD_COLLATION_CONNECTION */;
/*!40111 SET SQL_NOTES=@OLD_SQL_NOTES */;

-- Dump completed on 2016-07-30 22:52:47
